size_n,dijkstra_time_ms_mean,dijkstra_time_ms_std,bellman_ford_time_ms_mean,bellman_ford_time_ms_std,reps
10,3.04703125e-06,3.833523578555863e-07,2.5966875e-06,4.0898009101146963e-07,32
20,6.6423125e-06,8.353295172228442e-07,7.89790625e-06,1.185730585951521e-06,32
30,1.150278125e-05,1.7183301438892462e-06,1.579646875e-05,3.356733791801703e-06,32
40,2.22060625e-05,1.5079950540654758e-05,2.75495625e-05,4.477765925502778e-06,32
50,2.6389e-05,4.1511726430612355e-06,4.54751875e-05,1.840247264200775e-05,32
60,3.732484375e-05,1.0017381638024775e-05,5.7810125e-05,1.1175680140795682e-05,32
70,4.83185625e-05,8.407192292679747e-06,7.96714375e-05,1.4625909409626251e-05,32
80,6.328109375e-05,1.2832356080820113e-05,0.0001052215625,1.8350766574481124e-05,32
90,7.27330625e-05,1.4573647424241255e-05,0.00012625496875,2.667746106088946e-05,32
100,9.140665625e-05,1.9871570898537083e-05,0.00015247096875000001,3.179780569717466e-05,32
110,0.00011841209375,1.774898440819815e-05,0.000198528875,3.1373368602755665e-05,32
120,0.00013261215625,2.3856997930520008e-05,0.00023695553125,4.703934479107913e-05,32
130,0.00016145365625,3.434400353283067e-05,0.00027108365625,5.3383019480454515e-05,32
140,0.00017424728125,4.119428393845618e-05,0.0003031789375,6.991655568423043e-05,32
150,0.00020844621875,3.684898490777457e-05,0.0003654323125,6.578990988529202e-05,32
160,0.00022670509375,4.583008317985536e-05,0.00039307325,7.817420586740872e-05,32
170,0.00024722778125,6.162086611171899e-05,0.00043637825,9.541109413643939e-05,32
180,0.00029120703125,5.547846889587233e-05,0.00051378665625,0.00010407701169645046,32
190,0.00030981996875,6.591016022467836e-05,0.00055333703125,0.00011054969657508234,32
200,0.0003787133125,7.628807073006136e-05,0.0006255258125,0.00011253770415382945,32
210,0.00037235190625,0.00010431322316476689,0.00060346875,0.00013634679441157575,32
220,0.00043162596875,9.846294090369875e-05,0.0007210485,0.00015023852674684514,32
230,0.00045714884375,0.00011505062308504389,0.00078545665625,0.00017931545829828947,32
240,0.0004984454375,0.00010449374148212703,0.000882614875,0.0001793194425666717,32
250,0.00053018875,0.00013003438669204005,0.00090792640625,0.0001996545884989341,32
260,0.00054746784375,0.0001332798837201036,0.00091643153125,0.00020084598221304807,32
270,0.00061443015625,0.00015346954147649896,0.00101997078125,0.00022055778697114368,32
280,0.00066083153125,0.00016269416358519602,0.00109690309375,0.00023872013384130373,32
290,0.000705873,0.00017227578331250595,0.0011674943125,0.00025305295929489214,32
300,0.00080736746875,0.00015046380552083456,0.001282249625,0.00025883512807344536,32
310,0.00084611353125,0.00017445842511881312,0.0013342709375,0.0002763072476809034,32
320,0.0008418866875,0.000190036744094964,0.0013448378125,0.00029285218293251605,32
330,0.00089173771875,0.00019945761920819708,0.001441495625,0.0003453331470744727,32
340,0.00093421425,0.00022199500586724918,0.0014924896875000001,0.00032181794012186047,32
350,0.00098036246875,0.00022507961787803893,0.0014459984375,0.0002126534173559964,32
360,0.00098729378125,0.0002781666021932421,0.0016661175,0.0003662510674813795,32
370,0.00113003875,0.00026966079599343416,0.0019070921874999999,0.0004025485051342755,32
380,0.001185507125,0.00026882853152076206,0.0018183375000000001,0.00038338293255568907,32
390,0.00108178878125,0.0002780098862994505,0.0017475253125,0.0002671651774649951,32
400,0.0011553977499999999,0.00030720992968032054,0.0019378578125,0.000422812254595157,32
410,0.001187492625,0.0003220188077327307,0.001937204375,0.0003020035504958665,32
420,0.0014271701875,0.000344561036163355,0.002178333125,0.0004131727463137959,32
430,0.00144429553125,0.0003215465971695417,0.00223804125,0.0004177865555276851,32
440,0.0016413030625,0.00033622322157050085,0.002457653125,0.0005150097825675104,32
450,0.0016522421875,0.00041523992556062074,0.0025020746875,0.0004673688724991774,32
460,0.001729058125,0.0004063527320447524,0.002689588125,0.0005632081773445183,32
470,0.0016237471875,0.000449437840447892,0.0024836028125,0.00032376686832729637,32
480,0.00168544,0.0005005397122794054,0.0026151403125,0.0003944337170590609,32
490,0.001813979375,0.0004747609745370394,0.002693280625,0.0003182343214513629,32
500,0.00203676125,0.0004846976643470004,0.0029684940625,0.0005203256046989914,32
510,0.0023565015625,0.00038977858393507664,0.0034909396875,0.00045669518218859864,32
520,0.0018686971875,0.0004919327806229881,0.003015816875,0.00046831479838243883,32
530,0.00241737375,0.00047588714812935165,0.003340418125,0.00040650705605374716,32
540,0.0027760171875,0.00019430757329287206,0.0034226725,0.00046284637869248795,32
550,0.002723100625,0.0003829883117499924,0.0032862021875,0.0002605785392129211,32
560,0.0024839184375,0.0006057912444022558,0.0034104415625,0.00020743167482193642,32
570,0.00279158375,0.00031395292759972397,0.0034906659375,0.00038251164070407203,32
580,0.0026620596875,0.0003495072051428659,0.0036975028125,0.000577913035749294,32
590,0.002425508125,0.00027430227747456706,0.0036560515625,6.100875675412174e-05,32
600,0.002312145,0.0003893974196836055,0.0039270228125,0.0005772535121765955,32
610,0.0023336834375000002,0.0003361074578502515,0.0039532175,0.00044119998993511996,32
620,0.0022711421875,0.00024703544464477125,0.00398794625,5.811834788547836e-05,32
630,0.0021468334375,0.00021948376879921808,0.0041350075,5.587731371048538e-05,32
640,0.0024081134375,0.0005946562387664058,0.0043216425,0.0002135208996503621,32
650,0.00226767875,0.0003787442240215519,0.004428200625,0.00011390152923516596,32
660,0.0025608915625,0.00062469766970266,0.0046475765625,0.0002704275151451097,32
670,0.002750261875,0.0007441535762799467,0.004787455625,0.0005557139734664402,32
680,0.002745611875,0.0006905491722238066,0.00500041875,0.0006027566238476251,32
690,0.00290854625,0.0007846714438928802,0.0051168440625,0.0005733555584117252,32
700,0.0028886281250000002,0.0007781211469520569,0.00520653,0.00040104511709251607,32
710,0.0031083546875,0.0008969752207801799,0.0054460015625,0.000642975297261243,32
720,0.0036152009375,0.0010136190068307203,0.00598645,0.0009620782188185117,32
730,0.0033641053125,0.0009875056334554008,0.006013544375,0.0009285946978901019,32
740,0.00300897875,0.0006468229183128004,0.0057540353125,0.0001863479013328359,32
750,0.0032906221875,0.0009491016249746862,0.005982714375,0.0006463523089806435,32
760,0.003591799375,0.0010562525127098441,0.0061329084375,0.00042929702324053415,32
770,0.0040124521875,0.001194541667533343,0.006488564375,0.0008639492499451919,32
780,0.0032637746875,0.0005731350733574088,0.0065087959375,0.0006120545073707661,32
790,0.0038944753125,0.001180414443865968,0.0066315434375,0.0002575274990608937,32
800,0.0042854965625,0.0013160674061114075,0.006756181875,0.00027202982426608016,32
810,0.0039905228125,0.0011738282739535263,0.006912950625,0.00038230207883408043,32
820,0.0034593603125,0.00019513473091502018,0.007045514375,0.00023714902064600506,32
830,0.00404338125,0.0011249838753781929,0.0071833909375,0.00013205607616556718,32
840,0.0044935571875,0.001323725700443247,0.0075324934375,0.00047442174234541413,32
850,0.004225036875,0.0011179599071591227,0.007560636875,0.00017709811938649813,32
860,0.004237245625,0.001126309249870283,0.0078988496875,0.0003769641131003419,32
870,0.0053086825,0.0012604950104497638,0.009381219375,0.0005344999885520199,32
880,0.00619679125,0.0014668590016122672,0.0106116875,0.0003524236173892862,32
890,0.0057242075,0.0010054661642243362,0.010947634375,0.0001798676068831166,32
900,0.0058472584375,0.0007933053961712561,0.011454471875,0.0001928479148746088,32
910,0.0065253415625,0.0014514339021208247,0.011906965625,0.0005689297763176572,32
920,0.0066557153125,0.0014223921751621113,0.01190455,0.00027085239522662516,32
930,0.0068480875,0.0016430046312187468,0.01196830625,0.00019717906667782338,32
940,0.006691461875,0.001256546856394633,0.0123713875,0.00022921039836523564,32
950,0.006841223125,0.0015042368832680526,0.01252339375,0.0002523786774589674,32
960,0.007131910625,0.0015749340582008058,0.012610196875,0.00022519412665017354,32
970,0.0073147403125,0.0013959459474816806,0.01311104375,0.00045803791323528834,32
980,0.007284421875,0.0015991405897122473,0.013175165625,0.0001439109937803897,32
990,0.007527711875,0.0014498180508740516,0.013895365625,0.00045186497748869557,32
1000,0.0085532315625,0.00169455254178852,0.015196484375,0.0008331994955851568,32
1010,0.007777265,0.0015477403371306343,0.01458075,0.00040471359317423484,32
1020,0.0074487759375,0.0009137944095530302,0.014788896875,0.0010205218923681817,32
1030,0.0079971378125,0.0011623740051714593,0.014590371875,0.000221213394195479,32
1040,0.007291351875,0.00047557496492691293,0.0147911125,0.0001282548287346328,32
1050,0.008213031875,0.0012758918368988943,0.015921884375,0.0011687602596098822,32
1060,0.0084107371875,0.0011882741934083289,0.01557018125,0.0002936569229533633,32
1070,0.0086586203125,0.0013744034410574384,0.016000890625,0.0003510221675330626,32
1080,0.0084675246875,0.0013067629366252328,0.0160277625,0.00025888471100810506,32
1090,0.0084543521875,0.0008946583093552197,0.016549034375,0.001027397672401422,32
1100,0.0089082821875,0.0012934101652118482,0.016752584375,0.0003465427959767153,32
1110,0.008771199375,0.0011762029706377678,0.0169044,0.0006259847487159731,32
1120,0.0094391634375,0.0016500058073072223,0.017409059375,0.00044388265824101485,32
1130,0.00933791125,0.0013471177928422546,0.01741965625,0.0005057514433602114,32
1140,0.009752108125,0.001596153586591915,0.01834541875,0.0011433801725687905,32
1150,0.009784181875,0.0008332115713814736,0.01961664375,0.0009723353427243799,32
1160,0.0098791384375,0.0011050033591496152,0.01928851875,0.000554176165829457,32
1170,0.0101047634375,0.0017366542516909658,0.01893393125,0.0003042818496450909,32
1180,0.01007084,0.0011365109841473156,0.019446065625,0.0012296669898821627,32
1190,0.0098105003125,0.0012538095000998069,0.01946418125,0.0006986043602415015,32
1200,0.0103728859375,0.001422708208990997,0.01998723125,0.00046247231635897646,32
1210,0.0103371,0.0015049184973757713,0.020105771875,0.000732655461418588,32
1220,0.010699314375,0.0015841245306752589,0.02068595,0.00030932187927788123,32
1230,0.010583014375,0.0009507850239898392,0.020475293749999998,0.0003930049665219735,32
1240,0.011109121874999999,0.0012484277256148968,0.021291853125,0.0005706889202886581,32
1250,0.011123834375,0.0013014258153582396,0.0215247,0.000744144883826396,32
1260,0.011211175,0.0009211688929696877,0.02205431875,0.0004182247694403544,32
1270,0.011440978125000001,0.0011331554890366918,0.022316371875,0.000869969382806938,32
1280,0.0113137625,0.0008464318348772984,0.022538734375,0.00050282418436354,32
1290,0.011929584375,0.0014331532880133093,0.02299218125,0.0005453569275240184,32
1300,0.0124008625,0.0016013671711130931,0.022938978125,0.0004112639045782943,32
1310,0.01203588125,0.0009526362807485538,0.023676003125,0.0006944835263904643,32
1320,0.012038765625,0.0008516958309783249,0.0241849,0.001367115672684649,32
1330,0.0124105625,0.00101340010600145,0.02431835625,0.0003968614863348891,32
1340,0.013030478125,0.0014621648547048257,0.0248175625,0.0005085604252139073,32
1350,0.012880215625,0.0011735891423613118,0.02507883125,0.0007822218612858104,32
1360,0.01321276875,0.0012593385380422683,0.0255622625,0.0005696926889505867,32
1370,0.013914884375,0.0015170261027149,0.02590440625,0.0005400583151021171,32
1380,0.013338246875,0.001077330962664322,0.0261500625,0.0004408496496468498,32
1390,0.013621053125,0.0009568040737869141,0.026868496874999998,0.0004711136954629257,32
1400,0.014183571875,0.0018927996830479668,0.027308496875,0.0006259149515331413,32
1410,0.014161475,0.00144991406426381,0.02758725625,0.0007692211783427038,32
1420,0.0141417875,0.0009508924271276696,0.027979603125,0.0006853409664559201,32
1430,0.01471076875,0.001625056816975467,0.028283040625,0.0006194647053401098,32
1440,0.014747096875,0.001066746263024968,0.028874715625,0.0005221098861287337,32
1450,0.015160409375,0.0017696797295625585,0.0290590375,0.0004823557256773777,32
1460,0.014992584375,0.0010658596885581887,0.029337934375,0.0006195595580780424,32
1470,0.0153166375,0.0011446203084292841,0.029921478125,0.0005805922782676192,32
1480,0.015913665625,0.0014568493697036285,0.030831740625,0.001267817914484217,32
1490,0.0160703125,0.001149752078642935,0.03161089375,0.0009057876289235447,32
1500,0.015807021875,0.0009827575262794906,0.031324353125,0.0008805804729638476,32
1510,0.016014434375,0.0010053639986372393,0.031616203125,0.0007269034506402719,32
1520,0.016727634375,0.0012249854788959171,0.03203150625,0.0008336680416754248,32
1530,0.016784740625,0.0013777529944304639,0.032402325,0.0008827688099808459,32
1540,0.0189326875,0.003201814193425151,0.0358912,0.0021460709281731576,32
1550,0.017739746875,0.0012376402503818443,0.0359149,0.004067133507229017,32
1560,0.017602890625,0.0017896214586399575,0.034191153125,0.001438230569350838,32
1570,0.019893165625,0.006018423410070187,0.037254809375,0.004181668212519928,32
1580,0.01768249375,0.0010577420526578952,0.03610646875,0.002909923549407859,32
1590,0.020146946875,0.0029254156998391244,0.0380754125,0.0040899792036260705,32
1600,0.0181391625,0.001135272229123372,0.035677328125,0.0013105981158984183,32
1610,0.01882760625,0.0015136982214384535,0.03578994375,0.0009325860801212605,32
1620,0.0186998,0.0012916184159805096,0.0364464375,0.0012362655665728742,32
1630,0.020832484375,0.0020158412119865394,0.039873478125,0.0023328080969796865,32
1640,0.0203437,0.00212968718404253,0.039971853125,0.003481423316689632,32
1650,0.019832840625,0.0013818416513070913,0.03926926875,0.0015243724711823021,32
1660,0.020855815625,0.0024627876547864127,0.03992696875,0.0036134795124849453,32
1670,0.023003540625,0.002464961443012265,0.04654835625,0.006200999487881849,32
1680,0.0221574,0.0023830815814298092,0.0433196375,0.0038600509118039816,32
1690,0.020472828125000002,0.0007559479199299937,0.0412950375,0.0015679977891306957,32
1700,0.020714553125,0.001112282613307083,0.04104344375,0.0007364699641437785,32
1710,0.021140028125,0.00148472781790855,0.041704975,0.0008970482794281474,32
1720,0.0216904,0.0020018044756544033,0.04244135,0.0015325792314347072,32
1730,0.021494534375,0.0008673641909577886,0.042896553125,0.0007848960532231229,32
1740,0.022599753125,0.0014571793581660542,0.044629765625,0.002284760813467322,32
1750,0.0220020875,0.0010587186815763428,0.043435615625,0.0008768102449751371,32
1760,0.022300275,0.001225709421365847,0.04365276875,0.0009370971175782357,32
1770,0.02234678125,0.0010189950338561212,0.04404723125,0.0007292797913170482,32
1780,0.022598371875,0.0009450372166065654,0.044980378125,0.0011942851498737582,32
1790,0.022610653125,0.0009295716395820358,0.044830528125,0.0011670847321516484,32
1800,0.0231178875,0.001289650227956693,0.045980415625,0.0012391493160908247,32
1810,0.022989165625,0.0009943605962531195,0.04552353125,0.001030296261530361,32
1820,0.024046428125,0.001877851220183986,0.047801415625,0.0046344235872779645,32
1830,0.02373985625,0.0012009065624918277,0.04692635625,0.001840702215347702,32
1840,0.024326634375,0.0018185320552593673,0.047118840625,0.001127103531696228,32
1850,0.02438366875,0.0010892183457178993,0.0477594625,0.0010489446326397544,32
1860,0.024281434375,0.0012662540495022552,0.04804266875,0.00117153090533218,32
1870,0.025394059375,0.001881305494506969,0.049671959375,0.0021199114637850116,32
1880,0.0249425875,0.0011543335557665949,0.049061721875,0.0012079055977016516,32
1890,0.02596243125,0.001872195938837182,0.051422321875,0.0020042044839746233,32
1900,0.0258439625,0.0017792978699036738,0.050289828125,0.001314879057469349,32
1910,0.025767696875,0.0010040786443564738,0.051315521875,0.0012123585666827224,32
1920,0.026751071875,0.0016895895326665838,0.052292965625,0.002115362675554917,32
1930,0.02718633125,0.002082431354876659,0.054201225,0.004335376972723941,32
1940,0.02778525625,0.002164090940490011,0.053800940625,0.0027848525534195,32
1950,0.027046675,0.0015116462001324913,0.052785678125,0.0010271593929785112,32
1960,0.027254065625,0.001241065176473766,0.053601253125,0.0012646101204977105,32
1970,0.027536240625,0.0014077165494736895,0.054048921875,0.0013432903938962655,32
1980,0.0295157,0.005276282432203094,0.057246965625,0.003624300199573824,32
1990,0.02841988125,0.0015854335474558491,0.055589725,0.0015467457733900558,32
2000,0.030119146875,0.0037821072686883483,0.0578525875,0.002813235869593722,32
2010,0.029415196875,0.0026685515623513325,0.057150203125,0.0015294357410259943,32
2020,0.028549696875,0.0008873813239260418,0.056870409375,0.001152959142370019,32
2030,0.030213146875,0.0022884434996827507,0.05835396875,0.0016385237493391535,32
2040,0.030023246875,0.0017341754832960923,0.05794635,0.001259158088515894,32
2050,0.02946698125,0.0009792948322126685,0.058477865625,0.0017085594693720385,32
2060,0.031891940625,0.003395948313142753,0.061896146875,0.004166788068388556,32
2070,0.033646434375,0.0032902727607876004,0.065588778125,0.006541246134230387,32
2080,0.03199965,0.002406956168327541,0.061894165625,0.0010083140450801314,32
2090,0.0332132,0.0036689468975272727,0.064901946875,0.004180938091504136,32
2100,0.032233075,0.0018151227565236464,0.0626762125,0.0017147280572932693,32
2110,0.03236013125,0.0020215935364270026,0.063755878125,0.001867126768884208,32
2120,0.032752646875,0.0010809296632368058,0.064759875,0.004867697023683275,32
2130,0.0328830625,0.0012733386624220397,0.0644961375,0.0028757515810816734,32
2140,0.03301296875,0.0013171287516406433,0.064380540625,0.002093671641348545,32
2150,0.03335455,0.0011580476989852364,0.065045825,0.0013914488930158366,32
2160,0.034210084375,0.0024889577518900073,0.0655091625,0.0017637789345163848,32
2170,0.03363290625,0.001565881728240015,0.0654676625,0.0011511716962376857,32
2180,0.03438470625,0.0018464664651262797,0.066343746875,0.001836022684701971,32
2190,0.0341837125,0.0012684514963504712,0.066871146875,0.0017739883199630248,32
2200,0.034397296875,0.0010100407647975083,0.067969503125,0.0020643888372960974,32
2210,0.03577465625,0.0016961552285495386,0.070381309375,0.0035579183140706885,32
2220,0.036685903125,0.0030387012694040416,0.070487375,0.0020945119603084164,32
2230,0.03744228125,0.0025676240195749915,0.072240546875,0.0029956561282530807,32
2240,0.03652049375,0.0014658413311426097,0.0712776125,0.0022252992273161265,32
2250,0.037208056249999996,0.001928879162547757,0.072656159375,0.002245413734128324,32
2260,0.039108490625,0.003869983113525769,0.07616590937500001,0.004644405175272676,32
2270,0.038040490625,0.0024506299416373763,0.0727567125,0.0010443295321490955,32
2280,0.0386158375,0.001703454735190739,0.07451041875,0.003753209900075326,32
2290,0.0380345,0.0012075974036801337,0.074074690625,0.001369180422816735,32
2300,0.03938125625,0.0020599672817391873,0.075959978125,0.002421438009444798,32
2310,0.03972468125,0.0013527636941271146,0.07724898125,0.002680589874267125,32
2320,0.039156096875,0.0017750498113581867,0.075027028125,0.001357822534942061,32
2330,0.04594074375,0.008126889280266524,0.08744859375,0.011432119547762609,32
2340,0.039864003125,0.0018721169634073978,0.07704678125,0.0017676005313414101,32
2350,0.0417228,0.003698689193315653,0.08099443125,0.0068632208544183865,32
2360,0.039927746875,0.0015858892332033265,0.077776825,0.001746298451725821,32
2370,0.042086690625,0.00253057358732158,0.08120215625,0.003590377503127064,32
2380,0.04102849375,0.0014273356260305198,0.08006221250000001,0.0015442152090038319,32
2390,0.0435514625,0.0046790984515415746,0.08350640625,0.005975783049104188,32
2400,0.045750540625,0.005491673793222072,0.086242915625,0.004086949330422799,32
2410,0.042800725,0.002079863442482462,0.082586540625,0.0031173992120695927,32
2420,0.04305435625,0.0019096789352102976,0.082587559375,0.0019575912315680493,32
2430,0.042486940625,0.001514729502431741,0.08273624375,0.002579154900100213,32
2440,0.043871284375,0.002356974203575076,0.084208575,0.003409934080191288,32
2450,0.043332078125,0.0021193067414154525,0.083499290625,0.0019440440194603641,32
2460,0.044338659375,0.0036909669532403165,0.08356176875,0.0017935797923492114,32
2470,0.045355071875,0.0021755065095906945,0.08734479375,0.004174322375992411,32
2480,0.045051503125,0.0031315259585468448,0.08587867187499999,0.00428880959374469,32
2490,0.045932803125,0.00268699803399216,0.088754215625,0.005184402403430251,32
2500,0.04796014375,0.005457712897584568,0.09125634375,0.006373994722451214,32
2510,0.04657843125,0.0021989172252266428,0.089662890625,0.002066385988471081,32
2520,0.047335821875,0.002191081450268105,0.0905167875,0.0026499591543727133,32
2530,0.047421559375,0.0018829521619752076,0.090883028125,0.002639264789107278,32
2540,0.04968229375,0.004201343356143477,0.094527353125,0.006094727558820019,32
2550,0.0474308875,0.001756430485343428,0.09180638125,0.003090128979249641,32
2560,0.047449790625,0.0011331125982110555,0.0919067,0.0024725328926022403,32
2570,0.047502553125,0.001925848882633379,0.0919519125,0.0018826203785797468,32
2580,0.048476978125,0.002386677720406336,0.092738284375,0.0018616450539625856,32
2590,0.052504075,0.008881522811151251,0.099072471875,0.008752953695190354,32
2600,0.04983681875,0.002745489169920078,0.096153,0.0030849938718537184,32
2610,0.05107466875,0.0027109455420846126,0.097424225,0.0034313799022769246,32
2620,0.051473175,0.0027153483641606654,0.09996786875,0.004659299849725112,32
2630,0.051427871874999996,0.0021941812300141678,0.099068784375,0.003418058996538585,32
2640,0.0535783875,0.003505559938935398,0.101953309375,0.004457090276974386,32
2650,0.051921840625,0.0019037611310999888,0.10057039375,0.0025005106864570575,32
2660,0.052615615625,0.0026768139242518067,0.100427821875,0.0021331552776542046,32
2670,0.052554378125,0.0017291535864286276,0.10078725625,0.0019235175405259337,32
2680,0.0533694375,0.0028749136480238414,0.102691515625,0.004674603124337761,32
2690,0.053288884375,0.0018623213333950617,0.10244635,0.002240001424525217,32
2700,0.05319244375,0.0021273886414653843,0.103087871875,0.0033576127126682563,32
2710,0.053653521875,0.0020236442416366037,0.1027355,0.0017665929426441166,32
2720,0.05444850625,0.0021168939083799024,0.10390425,0.0025293270350035795,32
2730,0.054482565625,0.002059623852735218,0.103987125,0.0021994743796814272,32
2740,0.055584309375,0.002434098286244746,0.1048916875,0.0017477557115752052,32
2750,0.05463993125,0.0011385370628128177,0.1059463125,0.002435661979286894,32
2760,0.056603468750000004,0.002750112480703915,0.10654859375,0.002157911821347419,32
2770,0.056290321875,0.002156973007007502,0.1074090625,0.0016734475443209306,32
2780,0.05744644375,0.0026768108025149893,0.10732609375,0.0017363168158377501,32
2790,0.05734410625,0.002948716246938816,0.108881,0.0022608435649111155,32
2800,0.058098959375,0.002705361452613515,0.109864,0.0024075741681202677,32
2810,0.058317959375,0.002791220050764023,0.10996075,0.0023957503130543458,32
2820,0.05906341875,0.0029213047765978533,0.1127300625,0.004186326111113867,32
2830,0.059339059375,0.00217083444423731,0.111897375,0.0026238493281579645,32
2840,0.05921748125,0.0026311866587907518,0.11416534375,0.0031711427613852292,32
2850,0.060080603125,0.002810114652519134,0.1137988125,0.0020799319766145598,32
2860,0.06079724375,0.0026675862348921244,0.11385034375,0.0017312215631125722,32
2870,0.0602711,0.002239619324377471,0.1152391875,0.0025528340677262486,32
2880,0.06443061875,0.0062813978381824715,0.12395253125,0.01879221813175665,32
2890,0.061469575,0.002749207997883208,0.1166469375,0.00171812133843735,32
2900,0.061576846875,0.0032375499706553145,0.11798796875,0.002660804313130418,32
2910,0.061607128125,0.0016874041563957004,0.11945603125,0.002095923192837333,32
2920,0.062437009375,0.0019620885022978984,0.11967046875,0.0031818238970004998,32
2930,0.064561884375,0.004184768399961743,0.12364415625,0.004911703498465266,32
2940,0.0656658625,0.0035493120142104655,0.1249606875,0.003631238928016683,32
2950,0.0653343,0.0024406537735819894,0.12366090625000001,0.0021581943894053972,32
2960,0.065331409375,0.002764607610082236,0.12575403125,0.005479756452642165,32
2970,0.06738965625,0.004977562692531952,0.12833071875,0.009217908064042973,32
2980,0.066181196875,0.002395206859344873,0.1246208125,0.0028134606519096272,32
2990,0.0658624,0.0029120494903718567,0.12521571875,0.0023161030071325514,32
3000,0.06642585,0.002715898410747354,0.125234875,0.0021089502979859433,32
3010,0.066798421875,0.00245399832604038,0.127608625,0.0040734456372185715,32
3020,0.068224121875,0.003574276513307831,0.1278348125,0.0027758516647767317,32
3030,0.06777738125,0.0021875196701169183,0.1286825625,0.0024582737329463013,32
3040,0.06923778125,0.003786867144936357,0.128996125,0.002224836521381964,32
3050,0.07348560312499999,0.005281912277852382,0.13838234375,0.007550379488018197,32
3060,0.07471496875,0.005457762618191033,0.14027953125,0.009574160743194332,32
3070,0.069461346875,0.0022909213917363534,0.13184134375,0.0024389124959879028,32
3080,0.070443378125,0.0029543073787199224,0.1328099375,0.002078855919392624,32
3090,0.070851903125,0.0032376867357810793,0.13435859375,0.003357049624106103,32
3100,0.07305935,0.004578076102947068,0.1373345,0.007597687123394857,32
3110,0.07095654375,0.0019562246977497073,0.13481546875,0.00211501935547253,32
3120,0.071772103125,0.002679591171648714,0.1359155625,0.0022757102179525733,32
3130,0.0715266,0.0017886134923453985,0.1364585,0.002625874794711279,32
3140,0.07313194687499999,0.0027418359177730236,0.13794409375,0.002528254689002065,32
3150,0.07250564375,0.0014223594337265603,0.139057125,0.002641932611153244,32
3160,0.07334649375,0.001900031192661303,0.1390176875,0.0022191895964166187,32
3170,0.074357528125,0.0030481346536892816,0.140073375,0.00234570206374872,32
3180,0.074542490625,0.0027954133345266872,0.1406423125,0.002034714621229164,32
3190,0.075112653125,0.002316876813458203,0.14122559375,0.002364276578831447,32
3200,0.07543146875,0.0023025844481578605,0.1426010625,0.00194783087589599,32
3210,0.076235359375,0.002867582535850032,0.1438459375,0.0028736708007518455,32
3220,0.083028296875,0.014133189104628078,0.1556565625,0.02110654181607195,32
3230,0.0764704,0.0018529576064362607,0.14584253125,0.003595675205927733,32
3240,0.077671225,0.0027761837050841926,0.14771590625,0.0062499677417136275,32
3250,0.078240365625,0.0021480816451268456,0.14815359375,0.0030027067878350914,32
3260,0.078237725,0.0019692399680777857,0.14857921875,0.003103759149547279,32
3270,0.079184546875,0.0028521188955520833,0.14862084375,0.002529750198999091,32
3280,0.07957531875,0.0023386802662556153,0.14983446875,0.002546442248318905,32
3290,0.080850621875,0.0034916988036568946,0.15031359375,0.0027741967627965655,32
3300,0.08083380312499999,0.0028426782722773495,0.15149484375,0.0032988078823017165,32
3310,0.080681440625,0.001845669537535663,0.152298625,0.00250336961351595,32
3320,0.080640553125,0.0013409552196998356,0.15457784375,0.0035828955129665655,32
3330,0.08166505625,0.002277823862255581,0.1551813125,0.0025906187296365624,32
3340,0.0825879625,0.0025271758073180718,0.15564403125,0.0030627736253718506,32
3350,0.08335146875,0.0027384150158482985,0.1581701875,0.004422867822730379,32
3360,0.082864303125,0.0019252116934710658,0.15730178125,0.0024313685026952307,32
3370,0.08357890312499999,0.002070588364976905,0.15837696875,0.0028746793895621536,32
3380,0.0852963875,0.0029065452965838594,0.16039071875,0.006565628631528623,32
3390,0.084900471875,0.001995613785003623,0.1607645625,0.00261132977304548,32
3400,0.085741465625,0.0022109491596666937,0.1614446875,0.002437602285514137,32
3410,0.085874303125,0.002417715564004115,0.16211653125,0.0027560834301637947,32
3420,0.086688934375,0.0032650670931668245,0.16319178125,0.003980305521677758,32
3430,0.087656253125,0.0035925369838027033,0.16418071875,0.002489127447952078,32
3440,0.087502825,0.003534661725681824,0.16451809374999998,0.002554778480604717,32
3450,0.087252040625,0.0019722028952194825,0.16567946875,0.002452162132491126,32
3460,0.092205815625,0.011546457785889072,0.17342346875,0.014131679130999381,32
3470,0.08952498125,0.002684726634645218,0.16877409375,0.0033292838603010333,32
3480,0.090968415625,0.0031902404591101535,0.1697310625,0.0025482839683978998,32
3490,0.090964265625,0.002553213608328896,0.17105996874999999,0.0029217223247210615,32
3500,0.091088778125,0.0019987784686425307,0.17238025,0.003233827811201459,32
3510,0.092959384375,0.0034192417457227795,0.1733583125,0.0033636674315163434,32
3520,0.092435725,0.0022821560162486713,0.17639178125,0.0062894005712705574,32
3530,0.09289434375,0.0026488283081790975,0.1752956875,0.002625399296267854,32
3540,0.09725179375,0.005880563651286835,0.18235825,0.009130442010795535,32
3550,0.09484174375,0.003151146684535795,0.1776490625,0.004224914103694153,32
3560,0.094234921875,0.0020261602957833778,0.17728896875,0.0021162609935387075,32
3570,0.095220309375,0.0020926787679549893,0.1783233125,0.002597772223914897,32
3580,0.095803003125,0.002543233823978387,0.18031396875,0.003330477757435626,32
3590,0.0956579,0.0025155490099081747,0.18067078125,0.0037953838552112792,32
3600,0.095843109375,0.0020686513082742116,0.18234375,0.004255305137413766,32
3610,0.0972010875,0.0029559033732039935,0.18259853125,0.004313126476121867,32
3620,0.097585871875,0.002410589594273876,0.1841634375,0.003899628507447057,32
3630,0.09855607499999999,0.002839865463252617,0.18520615625,0.003349510842173217,32
3640,0.098698890625,0.002099656421798483,0.186898125,0.0032874634289790953,32
3650,0.10099274375,0.0035250357237496107,0.18747071875,0.0037716368067655234,32
3660,0.104959665625,0.006753206111433728,0.19897315625,0.01297984255034844,32
3670,0.103359878125,0.005843891460038337,0.19418425,0.009728911167237573,32
3680,0.102575903125,0.0025581030632438823,0.1919615625,0.00337305854286488,32
3690,0.101235021875,0.001982621956642008,0.1911226875,0.0039182141614316785,32
3700,0.102332034375,0.0021505216587507,0.192646,0.003711161972684567,32
3710,0.102342078125,0.0024993680778516753,0.193484125,0.003948633891534513,32
3720,0.10349671875,0.0032263455427965926,0.19276125,0.0026740809869934762,32
3730,0.10322151875,0.0019687000767380594,0.19474028125,0.0026643596467347346,32
3740,0.1042006875,0.002208619569401611,0.1954604375,0.0034380332126222606,32
3750,0.10532159375,0.0026591055810574592,0.19635906250000001,0.0035034985187800127,32
3760,0.10603562500000001,0.002898899335847142,0.19662728125,0.0035488871427742587,32
3770,0.1069495625,0.00476318201112384,0.19942025,0.004916152103017156,32
3780,0.1067824375,0.00280144483857772,0.200151625,0.004241461472402524,32
3790,0.10718703125,0.0026949160409507084,0.20326915625,0.007792418230680123,32
3800,0.1084181875,0.0029463734640815227,0.20163609375,0.0031877366810106715,32
3810,0.10827015625,0.0030219913768632653,0.20318971875,0.00347871622544128,32
3820,0.10889540625,0.0026292193810541833,0.20356746875,0.0033918954139276524,32
3830,0.10974953125,0.0025404700473580545,0.2058549375,0.005228184949970088,32
3840,0.11029246875,0.0021575282006322514,0.2061863125,0.0031775211490002327,32
3850,0.111216625,0.0028025466961988338,0.20724828125,0.004341688023067575,32
3860,0.1128765625,0.0059387691955988435,0.21073709375,0.007075648253691034,32
3870,0.11182859375,0.002461287351917881,0.20931534375,0.0036868230447210182,32
3880,0.11441365625,0.00583530092202501,0.213445875,0.009674822878708168,32
3890,0.1131531875,0.002681335831231096,0.2119064375,0.0037567529691335502,32
3900,0.11792565625,0.011066152356423888,0.21898846875,0.01935364286281845,32
3910,0.11376665625,0.002717616805325197,0.214350125,0.004089236838564744,32
3920,0.11562396875,0.003328028634608398,0.21450815625,0.0026851632528276425,32
3930,0.11764028125,0.005437498742726148,0.21905665625,0.009091190995990898,32
3940,0.1161933125,0.003404792949261929,0.21647446875,0.002914227824231219,32
3950,0.1172156875,0.003925545777639558,0.217684,0.0031618353056413286,32
3960,0.1225258125,0.012129381794421502,0.22433953125,0.014057017886949687,32
3970,0.11856515625,0.0028470197587716064,0.2210383125,0.0031483120719432724,32
3980,0.11871678125,0.0027429485359551373,0.22266415625,0.0038268846836344494,32
3990,0.120117125,0.004074768894903735,0.22327053125,0.0036940306491045054,32
4000,0.12121421875,0.0033731440613170424,0.22762834375,0.005161517858206626,32
4010,0.12020209375,0.002352970188923129,0.22588278125,0.0035578201958359874,32
4020,0.1228648125,0.003718224184989893,0.2262314375,0.003670384669362838,32
4030,0.12343509375,0.004701132452394947,0.2295645,0.007882575118576415,32
4040,0.12444903125,0.005395859028484104,0.23151253125,0.008345123044271034,32
4050,0.123208125,0.0026421140062221024,0.23009871875,0.004501875437209301,32
4060,0.124009125,0.002382552199716722,0.23194628125,0.004837928587179478,32
4070,0.1264360625,0.004603289190469545,0.2341655625,0.007606192078405182,32
4080,0.125657,0.002545425725689123,0.2347458125,0.0037668654113657634,32
4090,0.12579015625,0.002573439941369515,0.23532534375,0.004354316540869065,32
4100,0.12737665625,0.0053714851391943675,0.23782315625,0.00555376609332226,32
4110,0.12873153125,0.004735503108068186,0.23919534375,0.006730098311918328,32
4120,0.12874390625,0.004204435287284243,0.23952946875,0.004215217313380586,32
4130,0.12977178125,0.004369343090888887,0.24014396875,0.0041692304482090475,32
4140,0.12921753125,0.002340486794776556,0.24164521875,0.0032609347273287207,32
4150,0.13068840625,0.003870528628780692,0.2420626875,0.003651937742807746,32
4160,0.13028403125,0.002406395040880331,0.24340559375,0.004070125127525069,32
4170,0.1312953125,0.003235669708861482,0.24514753125,0.005146670756326216,32
4180,0.13172596875,0.003891706193017845,0.245846125,0.004539669293778461,32
4190,0.13252878125,0.002476688852257875,0.24678296875,0.003645802873548354,32
4200,0.13497521875,0.004994471235366003,0.25018390625000003,0.007711624461484164,32
4210,0.1344114375,0.0032431748135266702,0.251270125,0.006509494502023564,32
4220,0.13526803125,0.0036748312162293143,0.2519878125,0.005499867881580773,32
4230,0.1397135625,0.009539636221895137,0.25721084375,0.011142953883815365,32
4240,0.14006021875,0.006196456869324471,0.26159171875,0.011339579680356255,32
4250,0.13862,0.002892199530634078,0.25772403125,0.002493503815973305,32
4260,0.1374146875,0.002199683634035528,0.25816115625,0.0033563580719041183,32
4270,0.13868028125,0.0031923608645716165,0.25632128125,0.0032512227530036167,32
4280,0.14306746875,0.007647551221569126,0.26807315625,0.01650069425643466,32
4290,0.16228984375,0.027415385441059113,0.30128025,0.049394400340524426,32
4300,0.155231125,0.02213954120424303,0.296291875,0.041076930697739274,32
4310,0.1536373125,0.017055578606128954,0.28355240625,0.02116292320879162,32
4320,0.15311296875,0.018754980980869414,0.281957,0.030460228246231184,32
4330,0.14506496875,0.007039477495189074,0.26998234375,0.008632026690649532,32
4340,0.14375071875,0.0027753524464738575,0.2688891875,0.006129471263073491,32
4350,0.1591283125,0.04672635410119051,0.29447175000000003,0.06064535097649695,32
4360,0.14498675,0.0022655136007095583,0.27100996875,0.003747007143077454,32
4370,0.14661440625,0.0036422029980097115,0.272737625,0.005006541194714668,32
4380,0.14644584375,0.0035853413637108454,0.27414859375,0.004217652107951879,32
4390,0.147178125,0.0024368972043102275,0.27571953125,0.00445329616677618,32
4400,0.14920165625,0.007835322351415154,0.2741015625,0.007500349454098366,32
4410,0.1480645,0.0038007228671004148,0.27683409375,0.00478627835823001,32
4420,0.1490193125,0.0032135947690777275,0.27781218750000003,0.004724063713038148,32
4430,0.14836896875,0.0031481799353393746,0.2769051875,0.004326388010204792,32
4440,0.149397,0.002902321107751518,0.278231625,0.004331810019711737,32
4450,0.1506571875,0.007029209954884243,0.28167371875,0.015156782201448579,32
4460,0.1498115,0.00310534874249254,0.27989784375,0.005432487920542114,32
4470,0.15416765625,0.007803291115009483,0.28449703125,0.006982928949787006,32
4480,0.15174859375,0.002389721242365084,0.28321309375000003,0.003491884845246324,32
4490,0.15252903125,0.0038459485296573376,0.28344265625,0.0051046339401651444,32
4500,0.15246809375,0.0032817035244611793,0.28517340625,0.004922007929058116,32
4510,0.15798709375,0.00799873391293653,0.29594921875,0.02410554833271582,32
4520,0.1546515,0.004158630138038248,0.28629753125,0.004428331309480294,32
4530,0.1551061875,0.0035856785048082283,0.28740684375,0.004725920433559573,32
4540,0.1554140625,0.003058356063082544,0.28952040625,0.004015453740389868,32
4550,0.15768084375,0.003978051345424786,0.291758125,0.005491599867923277,32
4560,0.15870225,0.006159641253758209,0.29581999999999997,0.011847526213307147,32
4570,0.1586219375,0.005003847612946838,0.29530290625,0.0071531496574908085,32
4580,0.1595848125,0.005482441412349406,0.29699346875,0.010277896152011044,32
4590,0.159356875,0.00382421302974547,0.29568021875,0.0033545579695242163,32
4600,0.15964975,0.0027501364170709787,0.296538625,0.004747488110503804,32
4610,0.1689535,0.016920755043732534,0.30938759375,0.02249909675667472,32
4620,0.1630008125,0.0032878510405497012,0.3012029375,0.004102248986360258,32
4630,0.162896875,0.0025358049233675287,0.30358153125,0.004343953887188882,32
4640,0.1635,0.002852385547660063,0.304663125,0.004489209526394928,32
4650,0.16686775,0.004610364295530232,0.3097513125,0.008606185204685276,32
4660,0.16466621875,0.003792654122893153,0.3067154375,0.004859491331003042,32
4670,0.16596303125,0.0031138787456761107,0.30925790625,0.004570535344460306,32
4680,0.16999725,0.011924464880551246,0.3124665625,0.009631439267892096,32
4690,0.16747425,0.00363883223026289,0.3118164375,0.003692639891878678,32
4700,0.170041375,0.0033020517934876504,0.3153273125,0.0035565958130414185,32
4710,0.16971465625,0.004831585328656212,0.31388778125,0.005420887690996599,32
4720,0.17137840625,0.0048142895040401285,0.315949375,0.007949905312918832,32
4730,0.17210803125000002,0.004322963418509743,0.31691440625,0.004280222839258597,32
4740,0.17176821875,0.004458335632093939,0.31905625,0.007873698225738654,32
4750,0.17453509375,0.005809020966131982,0.32236721875,0.00918659716562114,32
4760,0.173626625,0.0035561125259017047,0.323726875,0.008698264689544407,32
4770,0.17487084375,0.002578384924586695,0.3222326875,0.004688744297767121,32
4780,0.174146,0.0027192673530750883,0.32333165625,0.003379289825626966,32
4790,0.174560875,0.0034986439850855054,0.32578303125,0.004622874873146956,32
4800,0.17971496875,0.00860257165214411,0.331433875,0.013216352900266211,32
4810,0.1776215,0.004877944123808717,0.32498343749999997,0.004108475766156316,32
4820,0.176295875,0.0035548681827706342,0.32499209375,0.004897000053344997,32
4830,0.17738328125,0.0038320002873366834,0.3266459375,0.0049448117629586,32
4840,0.17840515625,0.005061736690043834,0.32689546875,0.004589300395923482,32
4850,0.1780609375,0.004553320052016303,0.33363271875,0.009585519555018828,32
4860,0.17967425,0.006894672494941296,0.3336218125,0.010309259595254342,32
4870,0.1807836875,0.007946894717582696,0.334493125,0.008582318290204288,32
4880,0.17973084375,0.002773558895054499,0.33361771875,0.005437296434318108,32
4890,0.1819946875,0.00476145726404677,0.336411375,0.008748101939670967,32
4900,0.181293,0.0030800059456111456,0.3366535,0.005092495017179688,32
4910,0.18404040625,0.006463078208463123,0.34048240625,0.011070017318356409,32
4920,0.18345621875,0.003101112368312125,0.337977875,0.0048288437134965355,32
4930,0.1851479375,0.005928587067851306,0.34303615625,0.013935905146664708,32
4940,0.1844536875,0.002083416791557501,0.34089775,0.004489006327963907,32
4950,0.1850510625,0.0029327171375012877,0.342407,0.004732436231741537,32
4960,0.18587309375,0.0026466341402734427,0.34325134375,0.00499096478404586,32
4970,0.18772903125,0.0073160080580377575,0.3479165,0.008598432811419766,32
4980,0.1873403125,0.0030871386067593,0.34632921875,0.004394210393620049,32
4990,0.1911751875,0.007957042330686934,0.35092440625,0.009285182486290237,32
5000,0.18910946875,0.003058606402272679,0.3492250625,0.004213728700164945,32
